slide_id,strategy,area_err,mask_frac,pred_frac,n_components,mask_neighbor_diff,runtime_s
TCGA-AC-A6IV-01Z-00-DX1,S1_threshold,0.06776429783214222,0.48363636363636364,0.5514006614685059,2,0.1108490601181984,0.002
TCGA-AC-A6IV-01Z-00-DX1,S2_topk,0.009508429440585053,0.5609090909090909,0.5514006614685059,2,0.11839623004198074,0.0
TCGA-AC-A6IV-01Z-00-DX1,S3_prop_topk,0.004962974895130534,0.5563636363636364,0.5514006614685059,1,0.09716980904340744,0.001
TCGA-AC-A6IV-01Z-00-DX1,S3b_prop3_topk,0.004053883986039564,0.5554545454545454,0.5514006614685059,2,0.08443396538496017,0.0
TCGA-AC-A6IX-01Z-00-DX1,S1_threshold,0.206726695285396,0.2524908232826429,0.4592175185680389,5,0.07574931532144547,0.001
TCGA-AC-A6IX-01Z-00-DX1,S2_topk,0.026338651237152677,0.4328788673308862,0.4592175185680389,17,0.09972751885652542,0.002
TCGA-AC-A6IX-01Z-00-DX1,S3_prop_topk,0.019521661200445795,0.4396958573675931,0.4592175185680389,16,0.07656675577163696,0.001
TCGA-AC-A6IX-01Z-00-DX1,S3b_prop3_topk,0.010607135767829123,0.44861038280020976,0.4592175185680389,8,0.041553132236003876,0.001
TCGA-AN-A0XP-01Z-00-DX1,S1_threshold,0.29786846559118973,0.06923721709974853,0.3671056826909383,17,0.0420747809112072,0.002
TCGA-AN-A0XP-01Z-00-DX1,S2_topk,0.0345707632436803,0.4016764459346186,0.3671056826909383,15,0.09130397439002991,0.002
TCGA-AN-A0XP-01Z-00-DX1,S3_prop_topk,0.02669146735097283,0.3937971500419111,0.3671056826909383,6,0.07495102286338806,0.001
TCGA-AN-A0XP-01Z-00-DX1,S3b_prop3_topk,0.011268164752481657,0.37837384744341995,0.3671056826909383,8,0.06498594582080841,0.001
TCGA-AO-A12H-01Z-00-DX1,S1_threshold,0.1013424141685228,0.3887125707189182,0.490054984887441,9,0.09557844698429108,0.004
TCGA-AO-A12H-01Z-00-DX1,S2_topk,0.029746312201009373,0.5198012970884504,0.490054984887441,2,0.07231448590755463,0.002
TCGA-AO-A12H-01Z-00-DX1,S3_prop_topk,0.016085487031973933,0.5061404719194149,0.490054984887441,3,0.07049261033535004,0.002
TCGA-AO-A12H-01Z-00-DX1,S3b_prop3_topk,0.003666555060123533,0.4937215399475645,0.490054984887441,3,0.06853058934211731,0.001
TCGA-AR-A1AL-01Z-00-DX1,S1_threshold,0.2084579417678919,0.0007113218731475993,0.2091692636410395,1,0.0007232401403598487,0.002
TCGA-AR-A1AL-01Z-00-DX1,S2_topk,0.013792855816498889,0.1953764078245406,0.2091692636410395,31,0.07889344543218613,0.002
TCGA-AR-A1AL-01Z-00-DX1,S3_prop_topk,0.006323976148449095,0.2028452874925904,0.2091692636410395,21,0.06237946078181267,0.002
TCGA-AR-A1AL-01Z-00-DX1,S3b_prop3_topk,0.0019374912640388875,0.2072317723770006,0.2091692636410395,13,0.047854386270046234,0.002
TCGA-B6-A0RM-01Z-00-DX1,S1_threshold,0.19854148161935614,0.07967460222514655,0.2782160838445027,40,0.04332638904452324,0.005
TCGA-B6-A0RM-01Z-00-DX1,S2_topk,0.010813704407680591,0.2890297882521833,0.2782160838445027,21,0.05184458941221237,0.003
TCGA-B6-A0RM-01Z-00-DX1,S3_prop_topk,0.006806047989448727,0.2850221318339514,0.2782160838445027,16,0.04945458844304085,0.004
TCGA-B6-A0RM-01Z-00-DX1,S3b_prop3_topk,0.002020786594545021,0.2802368704390477,0.2782160838445027,12,0.04770805314183235,0.003
TCGA-BH-A0H0-01Z-00-DX1,S1_threshold,0.13185782576078928,0.054570259208731244,0.1864280849695205,6,0.016434581950306892,0.004
TCGA-BH-A0H0-01Z-00-DX1,S2_topk,0.03294923094496391,0.1534788540245566,0.1864280849695205,59,0.03919204697012901,0.004
TCGA-BH-A0H0-01Z-00-DX1,S3_prop_topk,0.018575814456949863,0.16785227051257065,0.1864280849695205,45,0.03707621991634369,0.004
TCGA-BH-A0H0-01Z-00-DX1,S3b_prop3_topk,0.006443676472151577,0.17998440849736894,0.1864280849695205,37,0.032180286943912506,0.003
TCGA-BH-A18G-01Z-00-DX1,S1_threshold,0.14810815970216318,0.9423680456490727,0.7942598859469095,2,0.04601091146469116,0.001
TCGA-BH-A18G-01Z-00-DX1,S2_topk,0.023999743154374364,0.8182596291012839,0.7942598859469095,5,0.07771714776754379,0.003
TCGA-BH-A18G-01Z-00-DX1,S3_prop_topk,0.026282196792034807,0.8205420827389444,0.7942598859469095,4,0.0638548880815506,0.001
TCGA-BH-A18G-01Z-00-DX1,S3b_prop3_topk,0.005740114053090495,0.8,0.7942598859469095,4,0.07344049215316772,0.002
TCGA-BH-A18G-01Z-00-DX1,S4_graphcut,0.00025132674576833214,0.7940085592011412,0.7942598859469095,1,0.03760507330298424,0.38143420219421387
TCGA-BH-A1ES-01Z-00-DX1,S1_threshold,0.01963013904221933,0.47867726779906034,0.459047128756841,3,0.03675393760204315,0.003
TCGA-BH-A1ES-01Z-00-DX1,S2_topk,0.03255026914702602,0.49159739790386703,0.459047128756841,4,0.03254302591085434,0.002
TCGA-BH-A1ES-01Z-00-DX1,S3_prop_topk,0.024509069291586916,0.4835561980484279,0.459047128756841,2,0.032268401235342026,0.002
TCGA-BH-A1ES-01Z-00-DX1,S3b_prop3_topk,0.013938053751290536,0.47298518250813154,0.459047128756841,1,0.03551812469959259,0.002
TCGA-C8-A12Q-01Z-00-DX1,S1_threshold,0.006125655420692988,0.6365053322395406,0.6303796768188477,2,0.05894806608557701,0.002
TCGA-C8-A12Q-01Z-00-DX1,S2_topk,0.021794236224630614,0.6521739130434783,0.6303796768188477,2,0.05326082557439804,0.002
TCGA-C8-A12Q-01Z-00-DX1,S3_prop_topk,0.015231479866960385,0.645611156685808,0.6303796768188477,2,0.05334385111927986,0.002
TCGA-C8-A12Q-01Z-00-DX1,S3b_prop3_topk,0.007602275601168773,0.6379819524200164,0.6303796768188477,2,0.05297023430466652,0.001
TCGA-C8-A12Q-01Z-00-DX1,S4_graphcut,0.0012035881524402603,0.6315832649712879,0.6303796768188477,1,0.030470339581370354,1.2790186405181885
TCGA-C8-A12T-01Z-00-DX1,S1_threshold,0.0758104115348997,0.4062268346923647,0.4820372462272644,20,0.07443778216838837,0.002
TCGA-C8-A12T-01Z-00-DX1,S2_topk,0.015294110333150701,0.4973313565604151,0.4820372462272644,22,0.07260119915008545,0.003
TCGA-C8-A12T-01Z-00-DX1,S3_prop_topk,0.012773724862431668,0.49481097108969607,0.4820372462272644,19,0.06757871061563492,0.002
TCGA-C8-A12T-01Z-00-DX1,S3b_prop3_topk,0.003729988761616232,0.48576723498888064,0.4820372462272644,14,0.06011994183063507,0.003
TCGA-C8-A12W-01Z-00-DX1,S1_threshold,0.10053096777089415,0.38693965906016053,0.4874706268310547,27,0.13989755511283875,0.003
TCGA-C8-A12W-01Z-00-DX1,S2_topk,0.04621747635285445,0.5336881031839091,0.4874706268310547,5,0.10825025290250778,0.002
TCGA-C8-A12W-01Z-00-DX1,S3_prop_topk,0.029621463003887127,0.5170920898349418,0.4874706268310547,11,0.104454405605793,0.002
TCGA-C8-A12W-01Z-00-DX1,S3b_prop3_topk,0.016272495744935167,0.5037431225759899,0.4874706268310547,9,0.09567365050315857,0.003
TCGA-C8-A131-01Z-00-DX1,S1_threshold,0.1562078413632325,0.770824295010846,0.6146164536476135,3,0.07100005447864532,0.003
TCGA-C8-A131-01Z-00-DX1,S2_topk,0.031045151558460216,0.6456616052060737,0.6146164536476135,4,0.10253728926181793,0.003
TCGA-C8-A131-01Z-00-DX1,S3_prop_topk,0.01824688691637777,0.6328633405639913,0.6146164536476135,4,0.09978535026311874,0.001
TCGA-C8-A131-01Z-00-DX1,S3b_prop3_topk,0.009136257849132634,0.6237527114967462,0.6146164536476135,4,0.0944465845823288,0.003
TCGA-C8-A1HI-01Z-00-DX1,S1_threshold,0.17134138313729808,0.27887169154684494,0.450213074684143,9,0.047924213111400604,0.003
TCGA-C8-A1HI-01Z-00-DX1,S2_topk,0.001728781250678435,0.4484842934334646,0.450213074684143,20,0.06756756454706192,0.003
TCGA-C8-A1HI-01Z-00-DX1,S3_prop_topk,0.00880331875847995,0.45901639344262296,0.450213074684143,18,0.05554007738828659,0.002
TCGA-C8-A1HI-01Z-00-DX1,S3b_prop3_topk,0.004865229189838116,0.4550783038739811,0.450213074684143,11,0.04629887640476227,0.002
TCGA-D8-A1XU-01Z-00-DX1,S1_threshold,0.025816109022012756,0.4370755093887335,0.4628916184107463,6,0.04893140494823456,0.003
TCGA-D8-A1XU-01Z-00-DX1,S2_topk,0.019968948908470674,0.48286056731921695,0.4628916184107463,7,0.039487075060606,0.003
TCGA-D8-A1XU-01Z-00-DX1,S3_prop_topk,0.009421605720296489,0.47231322413104276,0.4628916184107463,5,0.038550782948732376,0.003
TCGA-D8-A1XU-01Z-00-DX1,S3b_prop3_topk,0.005106783506952484,0.46799840191769876,0.4628916184107463,4,0.03504986688494682,0.003
TCGA-D8-A27E-01Z-00-DX1,S1_threshold,0.16705752343937724,0.0037492868204417637,0.170806810259819,7,0.004182175733149052,0.004
TCGA-D8-A27E-01Z-00-DX1,S2_topk,0.0034535206554960063,0.174260330915315,0.170806810259819,4,0.02555309236049652,0.003
TCGA-D8-A27E-01Z-00-DX1,S3_prop_topk,0.00500213912480893,0.17580894938462793,0.170806810259819,2,0.022123709321022034,0.002
TCGA-D8-A27E-01Z-00-DX1,S3b_prop3_topk,0.0055726827713978855,0.1763794930312169,0.170806810259819,2,0.019447116181254387,0.003
TCGA-D8-A27I-01Z-00-DX1,S1_threshold,0.1566010663906733,0.0,0.1566010663906733,0,0.0,0.002
TCGA-D8-A27I-01Z-00-DX1,S2_topk,0.0438640886619783,0.11273697772869501,0.1566010663906733,47,0.06607908755540848,0.002
TCGA-D8-A27I-01Z-00-DX1,S3_prop_topk,0.020580451629031493,0.13602061476164182,0.1566010663906733,35,0.061975378543138504,0.004
TCGA-D8-A27I-01Z-00-DX1,S3b_prop3_topk,0.0007019314744207694,0.15589913491625254,0.1566010663906733,27,0.05115650221705437,0.001
TCGA-E2-A14S-01Z-00-DX1,S1_threshold,0.06296144098619637,0.10388374159157253,0.1668451825777689,3,0.017240824177861214,0.004
TCGA-E2-A14S-01Z-00-DX1,S2_topk,0.002864982044706338,0.16398020053306256,0.1668451825777689,18,0.027373025193810463,0.003
TCGA-E2-A14S-01Z-00-DX1,S3_prop_topk,0.0014688657862979015,0.165376316791471,0.1668451825777689,18,0.02615072764456272,0.003
TCGA-E2-A14S-01Z-00-DX1,S3b_prop3_topk,0.0005169683373830725,0.16632821424038582,0.1668451825777689,13,0.02274116314947605,0.004
TCGA-E2-A15I-01Z-00-DX1,S1_threshold,0.22563336271069426,0.003663003663003663,0.2292963663736979,3,0.0037334070075303316,0.002
TCGA-E2-A15I-01Z-00-DX1,S2_topk,0.05252252293318779,0.17677384344051011,0.2292963663736979,47,0.11165652424097061,0.002
TCGA-E2-A15I-01Z-00-DX1,S3_prop_topk,0.03393617101350255,0.19536019536019536,0.2292963663736979,40,0.10349833965301514,0.001
TCGA-E2-A15I-01Z-00-DX1,S3b_prop3_topk,0.011008481419146288,0.21828788495455162,0.2292963663736979,30,0.08621405065059662,0.002
TCGA-E2-A1LB-01Z-00-DX1,S1_threshold,0.09507551610744489,0.22955069124423963,0.3246262073516845,2,0.024273140355944633,0.004
TCGA-E2-A1LB-01Z-00-DX1,S2_topk,0.020574748058289738,0.3040514592933948,0.3246262073516845,28,0.021533014252781868,0.005
TCGA-E2-A1LB-01Z-00-DX1,S3_prop_topk,0.010590109041392681,0.31403609831029183,0.3246262073516845,22,0.023327432572841644,0.003
TCGA-E2-A1LB-01Z-00-DX1,S3b_prop3_topk,0.0022855775513773158,0.3223406298003072,0.3246262073516845,23,0.021969495341181755,0.003
TCGA-E2-A1LB-01Z-00-DX1,S4_graphcut,0.000701476168888826,0.3239247311827957,0.3246262073516845,4,0.009238827042281628,2.1550979614257812
TCGA-E9-A1N6-01Z-00-DX1,S1_threshold,0.19759132749567015,0.01668872647752777,0.2142800539731979,8,0.010506654158234596,0.004
TCGA-E9-A1N6-01Z-00-DX1,S2_topk,0.012629078788498588,0.2269091327616965,0.2142800539731979,21,0.06088022515177727,0.004
TCGA-E9-A1N6-01Z-00-DX1,S3_prop_topk,0.009176238827630773,0.22345629280082868,0.2142800539731979,18,0.05416763946413994,0.004
TCGA-E9-A1N6-01Z-00-DX1,S3b_prop3_topk,0.0045149048804592196,0.21879495885365713,0.2142800539731979,16,0.047046463936567307,0.003
TCGA-E9-A1R4-01Z-00-DX1,S1_threshold,0.2233913489681938,0.10181046043808673,0.3252018094062805,21,0.04739713668823242,0.003
TCGA-E9-A1R4-01Z-00-DX1,S2_topk,0.0044808012329684566,0.329682610639249,0.3252018094062805,6,0.0742214173078537,0.002
TCGA-E9-A1R4-01Z-00-DX1,S3_prop_topk,0.004145530781470952,0.32934734018775147,0.3252018094062805,5,0.06399181485176086,0.002
TCGA-E9-A1R4-01Z-00-DX1,S3b_prop3_topk,0.0013516103523247835,0.3265534197586053,0.3252018094062805,3,0.055012501776218414,0.002
TCGA-E9-A5UO-01Z-00-DX1,S1_threshold,0.059588807946554745,0.47203004546353033,0.5316188534100851,40,0.12962308526039124,0.004
TCGA-E9-A5UO-01Z-00-DX1,S2_topk,0.04003562375931602,0.5716544771694011,0.5316188534100851,33,0.1343660056591034,0.002
TCGA-E9-A5UO-01Z-00-DX1,S3_prop_topk,0.029460411266728492,0.5610792646768136,0.5316188534100851,23,0.11665573716163635,0.001
TCGA-E9-A5UO-01Z-00-DX1,S3b_prop3_topk,0.019873536390270674,0.5514923898003558,0.5316188534100851,11,0.09586760401725769,0.003
TCGA-E9-A5UO-01Z-00-DX1,S4_graphcut,0.0029729631544533897,0.5345918165645385,0.5316188534100851,2,0.03365457430481911,1.2090163230895996
TCGA-GI-A2C8-01Z-00-DX1,S1_threshold,0.10248765069893595,0.35006482681978146,0.4525524775187174,5,0.06055167317390442,0.001
TCGA-GI-A2C8-01Z-00-DX1,S2_topk,0.0075327234444239055,0.4600852009631413,0.4525524775187174,5,0.06659739464521408,0.001
TCGA-GI-A2C8-01Z-00-DX1,S3_prop_topk,0.002531797346998488,0.4550842748657159,0.4525524775187174,5,0.0526166632771492,0.002
TCGA-GI-A2C8-01Z-00-DX1,S3b_prop3_topk,0.0027170168320883037,0.4552694943508057,0.4525524775187174,4,0.044965047389268875,0.001
TCGA-Z7-A8R5-01Z-00-DX1,S1_threshold,0.21659897036752934,0.039544847931446234,0.2561438182989756,16,0.018370062112808228,0.003
TCGA-Z7-A8R5-01Z-00-DX1,S2_topk,0.004545869292864768,0.2515979490061108,0.2561438182989756,37,0.061832692474126816,0.003
TCGA-Z7-A8R5-01Z-00-DX1,S3_prop_topk,0.0033911961001253377,0.2595350143991009,0.2561438182989756,30,0.055649422109127045,0.003
TCGA-Z7-A8R5-01Z-00-DX1,S3b_prop3_topk,0.0026888009326040962,0.2588326192315797,0.2561438182989756,25,0.04813603311777115,0.003
TCGA-A2-A0CU-01Z-00-DX1,S1_threshold,0.08044033191824285,0.36964045025682124,0.4500807821750641,43,0.06372954696416855,0.004
TCGA-A2-A0CU-01Z-00-DX1,S2_topk,0.006296034698638153,0.45637681687370224,0.4500807821750641,37,0.06161320582032204,0.005
TCGA-A2-A0CU-01Z-00-DX1,S3_prop_topk,0.005021035609351798,0.4551018177844159,0.4500807821750641,30,0.056570786982774734,0.006
TCGA-A2-A0CU-01Z-00-DX1,S3b_prop3_topk,0.004365321792004495,0.4544461039670686,0.4500807821750641,23,0.050166547298431396,0.004
TCGA-A2-A0EN-01Z-00-DX1,S1_threshold,0.1755639969700656,0.022487083137623296,0.1980510801076889,15,0.015004465356469154,0.003
TCGA-A2-A0EN-01Z-00-DX1,S2_topk,0.0049439875759838825,0.19310709253170502,0.1980510801076889,42,0.06829413771629333,0.004
TCGA-A2-A0EN-01Z-00-DX1,S3_prop_topk,0.002125763057430563,0.19592531705025834,0.1980510801076889,31,0.06284608691930771,0.003
TCGA-A2-A0EN-01Z-00-DX1,S3b_prop3_topk,1.2094668515594265e-05,0.1980389854391733,0.1980510801076889,17,0.05308127403259277,0.004
TCGA-A2-A0YK-01Z-00-DX1,S1_threshold,0.08365292844288395,0.00021485738840844388,0.0838677858312924,1,0.000272435019724071,0.002
TCGA-A2-A0YK-01Z-00-DX1,S2_topk,0.017852853242798006,0.06601493258849439,0.0838677858312924,34,0.02754318155348301,0.003
TCGA-A2-A0YK-01Z-00-DX1,S3_prop_topk,0.006948840781069485,0.07691894505022291,0.0838677858312924,27,0.02574511058628559,0.003
TCGA-A2-A0YK-01Z-00-DX1,S3b_prop3_topk,0.0020608351947773856,0.08180695063651501,0.0838677858312924,18,0.025064021348953247,0.003
TCGA-A2-A0YK-01Z-00-DX1,S4_graphcut,0.00028826174040771924,0.08357952409088468,0.0838677858312924,4,0.010842913761734962,1.910609245300293
TCGA-A2-A1FZ-01Z-00-DX1,S1_threshold,0.11509409071141646,0.4864659456299328,0.6015600363413492,28,0.0617554672062397,0.004
TCGA-A2-A1FZ-01Z-00-DX1,S2_topk,0.004541620673415903,0.5970184156679333,0.6015600363413492,42,0.06673383712768555,0.002
TCGA-A2-A1FZ-01Z-00-DX1,S3_prop_topk,0.0003692241088115722,0.6019292604501608,0.6015600363413492,32,0.060007110238075256,0.004
TCGA-A2-A1FZ-01Z-00-DX1,S3b_prop3_topk,0.0009538484876481235,0.6025138848289974,0.6015600363413492,23,0.04963551089167595,0.003
TCGA-A2-A25E-01Z-00-DX1,S1_threshold,0.04535699410960903,0.6761130638547159,0.721470057964325,3,0.034796155989170074,0.004
TCGA-A2-A25E-01Z-00-DX1,S2_topk,0.0010541235765100243,0.7204159343878149,0.721470057964325,11,0.032904256135225296,0.002
TCGA-A2-A25E-01Z-00-DX1,S3_prop_topk,0.0012738072320460647,0.7201962507322789,0.721470057964325,10,0.032422006130218506,0.002
TCGA-A2-A25E-01Z-00-DX1,S3b_prop3_topk,0.0004104341270634304,0.7218804920913884,0.721470057964325,6,0.02815595269203186,0.003
TCGA-A2-A4RY-01Z-00-DX1,S1_threshold,0.11520433993574977,0.22673354971968132,0.3419378896554311,13,0.026132872328162193,0.003
TCGA-A2-A4RY-01Z-00-DX1,S2_topk,0.012873268823327233,0.32906462083210386,0.3419378896554311,43,0.05059514939785004,0.003
TCGA-A2-A4RY-01Z-00-DX1,S3_prop_topk,0.004316172334687507,0.3376217173207436,0.3419378896554311,36,0.04719429463148117,0.003
TCGA-A2-A4RY-01Z-00-DX1,S3b_prop3_topk,5.089759744586475e-05,0.34198878725287696,0.3419378896554311,32,0.04268965870141983,0.003
TCGA-A2-A4S0-01Z-00-DX1,S1_threshold,0.06382462279037954,0.42077381515466844,0.484598437945048,19,0.07020687311887741,0.003
TCGA-A2-A4S0-01Z-00-DX1,S2_topk,0.04425408310310264,0.5288525210481506,0.484598437945048,12,0.04240122437477112,0.003
TCGA-A2-A4S0-01Z-00-DX1,S3_prop_topk,0.03682810637431633,0.5214265443193643,0.484598437945048,11,0.03874635696411133,0.003
TCGA-A2-A4S0-01Z-00-DX1,S3b_prop3_topk,0.020840971760750948,0.5054394097057989,0.484598437945048,6,0.03657254949212074,0.003
TCGA-A2-A4S0-01Z-00-DX1,S4_graphcut,0.0042749113155900464,0.48032352662945793,0.484598437945048,1,0.014643351547420025,2.3395111560821533
TCGA-A7-A13E-01Z-00-DX1,S1_threshold,0.010592397869817471,0.640728476821192,0.6513208746910095,5,0.05992402508854866,0.002
TCGA-A7-A13E-01Z-00-DX1,S2_topk,0.00029070544891973693,0.6510301692420898,0.6513208746910095,5,0.05346628651022911,0.001
TCGA-A7-A13E-01Z-00-DX1,S3_prop_topk,0.00010674665568943809,0.6512141280353201,0.6513208746910095,8,0.04615384712815285,0.002
TCGA-A7-A13E-01Z-00-DX1,S3b_prop3_topk,0.0011809648969227649,0.6525018395879323,0.6513208746910095,6,0.03580246865749359,0.002
TCGA-A7-A3J0-01Z-00-DX1,S1_threshold,0.33461027252590647,0.044695745826602046,0.3793060183525085,7,0.03437500074505806,0.001
TCGA-A7-A3J0-01Z-00-DX1,S2_topk,0.015816519160262943,0.36348949919224555,0.3793060183525085,12,0.14289772510528564,0.002
TCGA-A7-A3J0-01Z-00-DX1,S3_prop_topk,0.019047536930860698,0.3602584814216478,0.3793060183525085,8,0.10852272808551788,0.002
TCGA-A7-A3J0-01Z-00-DX1,S3b_prop3_topk,0.0003385696927257764,0.37964458804523427,0.3793060183525085,6,0.08153408765792847,0.0
TCGA-A7-A5ZV-01Z-00-DX1,S1_threshold,0.0604530702623558,0.46169526074401224,0.522148331006368,22,0.15690229833126068,0.002
TCGA-A7-A5ZV-01Z-00-DX1,S2_topk,0.04044721850951438,0.5625955495158824,0.522148331006368,17,0.14655323326587677,0.002
TCGA-A7-A5ZV-01Z-00-DX1,S3_prop_topk,0.019213992757858178,0.5413623237642262,0.522148331006368,16,0.13287141919136047,0.002
TCGA-A7-A5ZV-01Z-00-DX1,S3b_prop3_topk,0.008172715366997041,0.5303210463733651,0.522148331006368,12,0.11050692945718765,0.004
TCGA-A7-A6VW-01Z-00-DX1,S1_threshold,0.11377734644097998,0.47048440870758973,0.5842617551485697,8,0.07196280360221863,0.001
TCGA-A7-A6VW-01Z-00-DX1,S2_topk,0.017091721808699112,0.5671700333398706,0.5842617551485697,18,0.07762280106544495,0.002
TCGA-A7-A6VW-01Z-00-DX1,S3_prop_topk,0.0017946047269183918,0.5824671504216513,0.5842617551485697,17,0.06023852899670601,0.002
TCGA-A7-A6VW-01Z-00-DX1,S3b_prop3_topk,0.0003626810153840587,0.5846244361639538,0.5842617551485697,12,0.04871639236807823,0.002
TCGA-A8-A07P-01Z-00-DX1,S1_threshold,0.010302854032243736,0.5457094784071789,0.5560123324394226,1,0.13945379853248596,0.002
TCGA-A8-A07P-01Z-00-DX1,S2_topk,0.03736960811021284,0.5933819405496354,0.5560123324394226,1,0.1237652525305748,0.001
TCGA-A8-A07P-01Z-00-DX1,S3_prop_topk,0.013813803286881421,0.569826135726304,0.5560123324394226,1,0.1342242956161499,0.0
TCGA-A8-A07P-01Z-00-DX1,S3b_prop3_topk,0.0009141958836283992,0.556926528323051,0.5560123324394226,1,0.12638001143932343,0.001
TCGA-A8-A08C-01Z-00-DX1,S1_threshold,0.16830203304294122,0.8613548613548614,0.6930528283119202,1,0.04582210257649422,0.002
TCGA-A8-A08C-01Z-00-DX1,S2_topk,0.05738592212683025,0.7504387504387504,0.6930528283119202,1,0.0823000892996788,0.002
TCGA-A8-A08C-01Z-00-DX1,S3_prop_topk,0.03702790176880988,0.73008073008073,0.6930528283119202,2,0.08589398115873337,0.001
TCGA-A8-A08C-01Z-00-DX1,S3b_prop3_topk,0.019477884218792374,0.7125307125307125,0.6930528283119202,2,0.07475291937589645,0.002
TCGA-A8-A08H-01Z-00-DX1,S1_threshold,0.016118641084617136,0.642395372575706,0.6262767314910889,1,0.07020607590675354,0.002
TCGA-A8-A08H-01Z-00-DX1,S2_topk,0.012375871435076458,0.6386526029261653,0.6262767314910889,1,0.0712539330124855,0.002
TCGA-A8-A08H-01Z-00-DX1,S3_prop_topk,0.0055708357086389215,0.6318475671997278,0.6262767314910889,1,0.06880894303321838,0.002
TCGA-A8-A08H-01Z-00-DX1,S3b_prop3_topk,0.00046705891381071396,0.6267437904048996,0.6262767314910889,1,0.06322039663791656,0.002
TCGA-A8-A097-01Z-00-DX1,S1_threshold,0.11478455723001713,0.7525280898876404,0.6377435326576233,4,0.0883626937866211,0.001
TCGA-A8-A097-01Z-00-DX1,S2_topk,0.03191938869069133,0.6696629213483146,0.6377435326576233,4,0.09933583438396454,0.003
TCGA-A8-A097-01Z-00-DX1,S3_prop_topk,0.015346354982826105,0.6530898876404494,0.6377435326576233,3,0.09962460398674011,0.001
TCGA-A8-A097-01Z-00-DX1,S3b_prop3_topk,0.00663848981428683,0.6443820224719101,0.6377435326576233,4,0.08359804004430771,0.001
TCGA-A8-A09Z-01Z-00-DX1,S1_threshold,0.1430640148465615,0.8102157639806252,0.6671517491340637,2,0.06607303023338318,0.003
TCGA-A8-A09Z-01Z-00-DX1,S2_topk,0.026375331447178074,0.6935270805812418,0.6671517491340637,9,0.07797066867351532,0.003
TCGA-A8-A09Z-01Z-00-DX1,S3_prop_topk,0.0175686383604321,0.6847203874944958,0.6671517491340637,5,0.06382819265127182,0.003
TCGA-A8-A09Z-01Z-00-DX1,S3b_prop3_topk,0.00846838883746126,0.675620137971525,0.6671517491340637,2,0.05522298812866211,0.003
TCGA-AC-A8OR-01Z-00-DX1,S1_threshold,0.16372360709154782,0.3373676248108926,0.5010912319024404,15,0.2431587129831314,0.001
TCGA-AC-A8OR-01Z-00-DX1,S2_topk,0.08135960017017685,0.5824508320726173,0.5010912319024404,1,0.23182173073291779,0.001
TCGA-AC-A8OR-01Z-00-DX1,S3_prop_topk,0.059423140260948415,0.5605143721633888,0.5010912319024404,2,0.2044566124677658,0.001
TCGA-AC-A8OR-01Z-00-DX1,S3b_prop3_topk,0.014037361138406812,0.5151285930408472,0.5010912319024404,4,0.18960125744342804,0.001
TCGA-AN-A0AJ-01Z-00-DX1,S1_threshold,0.08060485389618333,0.7678629583794698,0.6872581044832865,2,0.050781767815351486,0.004
TCGA-AN-A0AJ-01Z-00-DX1,S2_topk,0.0540302430709374,0.7412883475542239,0.6872581044832865,2,0.06068636476993561,0.004
TCGA-AN-A0AJ-01Z-00-DX1,S3_prop_topk,0.031363663249404206,0.7186217677326907,0.6872581044832865,2,0.06860341876745224,0.007
TCGA-AN-A0AJ-01Z-00-DX1,S3b_prop3_topk,0.017359885486100568,0.7046179899693871,0.6872581044832865,2,0.06565522402524948,0.004
TCGA-AN-A0XL-01Z-00-DX1,S1_threshold,0.2028913249572118,0.0,0.2028913249572118,0,0.0,0.002
TCGA-AN-A0XL-01Z-00-DX1,S2_topk,0.014746598244355758,0.18814472671285604,0.2028913249572118,16,0.09493919461965561,0.001
TCGA-AN-A0XL-01Z-00-DX1,S3_prop_topk,0.0024974356278536503,0.20538876058506544,0.2028913249572118,6,0.08128678053617477,0.002
TCGA-AN-A0XL-01Z-00-DX1,S3b_prop3_topk,0.002959329392287824,0.20585065434949962,0.2028913249572118,6,0.07579442858695984,0.002
TCGA-AN-A0XL-01Z-00-DX1,S4_graphcut,0.012745058598474301,0.1901462663587375,0.2028913249572118,2,0.03232640400528908,0.7672910690307617
TCGA-AQ-A04J-01Z-00-DX1,S1_threshold,0.1284168268151038,0.327099342653458,0.4555161694685618,15,0.08265441656112671,0.002
TCGA-AQ-A04J-01Z-00-DX1,S2_topk,0.01573649232201313,0.47125266179057496,0.4555161694685618,16,0.08772262185811996,0.003
TCGA-AQ-A04J-01Z-00-DX1,S3_prop_topk,0.007311346502181626,0.46282751597074345,0.4555161694685618,15,0.07924403250217438,0.003
TCGA-AQ-A04J-01Z-00-DX1,S3b_prop3_topk,0.002126641382285299,0.4576428108508471,0.4555161694685618,11,0.06763925403356552,0.002
TCGA-AQ-A04J-01Z-00-DX1,S4_graphcut,0.0018544714776350668,0.45366169799092676,0.4555161694685618,3,0.032967034727334976,1.2214462757110596
TCGA-AQ-A54O-01Z-00-DX1,S1_threshold,0.10573232772097751,0.30581212438994876,0.4115444521109263,32,0.06669530272483826,0.005
TCGA-AQ-A54O-01Z-00-DX1,S2_topk,0.01781060778501209,0.42935505989593836,0.4115444521109263,19,0.05642819032073021,0.004
TCGA-AQ-A54O-01Z-00-DX1,S3_prop_topk,0.013252869713782311,0.4247973218247086,0.4115444521109263,14,0.04986296966671944,0.005
TCGA-AQ-A54O-01Z-00-DX1,S3b_prop3_topk,0.00562975028491125,0.4171742023958375,0.4115444521109263,8,0.04421810433268547,0.004
TCGA-AR-A1AN-01Z-00-DX1,S1_threshold,0.10396210256744831,0.3827450980392157,0.486707200606664,5,0.10085591673851013,0.003
TCGA-AR-A1AN-01Z-00-DX1,S2_topk,9.018501425100967e-05,0.486797385620915,0.486707200606664,10,0.09543509036302567,0.002
TCGA-AR-A1AN-01Z-00-DX1,S3_prop_topk,0.0061843247896705145,0.4805228758169935,0.486707200606664,5,0.06875891238451004,0.003
TCGA-AR-A1AN-01Z-00-DX1,S3b_prop3_topk,0.00017125289424568813,0.4865359477124183,0.486707200606664,2,0.04750356450676918,0.001
TCGA-AR-A1AO-01Z-00-DX1,S1_threshold,0.3339648246765136,0.0,0.3339648246765136,0,0.0,0.002
TCGA-AR-A1AO-01Z-00-DX1,S2_topk,0.05852178670183006,0.27544303797468356,0.3339648246765136,30,0.15625867247581482,0.002
TCGA-AR-A1AO-01Z-00-DX1,S3_prop_topk,0.04535722973980477,0.28860759493670884,0.3339648246765136,24,0.13433250784873962,0.002
TCGA-AR-A1AO-01Z-00-DX1,S3b_prop3_topk,0.012952166448665536,0.3210126582278481,0.3339648246765136,18,0.103802390396595,0.001
TCGA-B6-A0I1-01Z-00-DX1,S1_threshold,0.11547139320361405,0.27795801526717556,0.3934294084707896,17,0.07414738088846207,0.004
TCGA-B6-A0I1-01Z-00-DX1,S2_topk,0.014251889239134063,0.4076812977099237,0.3934294084707896,12,0.061982572078704834,0.006
TCGA-B6-A0I1-01Z-00-DX1,S3_prop_topk,0.01081677473531728,0.4042461832061069,0.3934294084707896,10,0.05908619239926338,0.006
TCGA-B6-A0I1-01Z-00-DX1,S3b_prop3_topk,0.007524790002492843,0.40095419847328245,0.3934294084707896,6,0.05310033634305,0.004
TCGA-BH-A0AY-01Z-00-DX1,S1_threshold,0.09004936709052586,0.4769308557704462,0.566980222860972,6,0.04601059481501579,0.004
TCGA-BH-A0AY-01Z-00-DX1,S2_topk,0.0033346660413537954,0.5636455568196183,0.566980222860972,10,0.037437789142131805,0.003
TCGA-BH-A0AY-01Z-00-DX1,S3_prop_topk,0.002480022367191248,0.5694602452281633,0.566980222860972,7,0.03098410740494728,0.002
TCGA-BH-A0AY-01Z-00-DX1,S3b_prop3_topk,0.0009631471301795314,0.5679433699911516,0.566980222860972,6,0.02568630687892437,0.004
TCGA-BH-A0DL-01Z-00-DX1,S1_threshold,0.12138409873490691,0.4014516129032258,0.5228357116381327,2,0.020524267107248306,0.004
TCGA-BH-A0DL-01Z-00-DX1,S2_topk,0.02374969013275635,0.49908602150537634,0.5228357116381327,57,0.05855132266879082,0.004
TCGA-BH-A0DL-01Z-00-DX1,S3_prop_topk,0.012620657874691799,0.5102150537634409,0.5228357116381327,44,0.05397827923297882,0.003
TCGA-BH-A0DL-01Z-00-DX1,S3b_prop3_topk,0.0019754965843692407,0.5208602150537635,0.5228357116381327,33,0.047254811972379684,0.004
TCGA-BH-A0E1-01Z-00-DX1,S1_threshold,0.15042191765315804,0.8254487914006657,0.6750268737475077,4,0.04178833216428757,0.003
TCGA-BH-A0E1-01Z-00-DX1,S2_topk,0.062136873728893205,0.7371637474764009,0.6750268737475077,18,0.05275191366672516,0.003
TCGA-BH-A0E1-01Z-00-DX1,S3_prop_topk,0.04162069541274771,0.7166475691602554,0.6750268737475077,12,0.04735276475548744,0.004
TCGA-BH-A0E1-01Z-00-DX1,S3b_prop3_topk,0.022468624697409623,0.6974954984449173,0.6750268737475077,5,0.043027933686971664,0.003
TCGA-BH-A0GY-01Z-00-DX1,S1_threshold,0.15886501701256694,0.32103729017991756,0.4799023071924845,15,0.03089107945561409,0.004
TCGA-BH-A0GY-01Z-00-DX1,S2_topk,0.014378133908737378,0.4655241732837471,0.4799023071924845,63,0.06865815818309784,0.003
TCGA-BH-A0GY-01Z-00-DX1,S3_prop_topk,0.006487893683589152,0.47341441350889535,0.4799023071924845,37,0.060432422906160355,0.003
TCGA-BH-A0GY-01Z-00-DX1,S3b_prop3_topk,0.0018546533060580517,0.48175696049854255,0.4799023071924845,24,0.05645962432026863,0.004
TCGA-BH-A0HU-01Z-00-DX1,S1_threshold,0.11497223150689001,0.3463039420847237,0.4612761735916137,13,0.038467030972242355,0.004
TCGA-BH-A0HU-01Z-00-DX1,S2_topk,0.0047042573794852105,0.4659804309710989,0.4612761735916137,16,0.04286489263176918,0.003
TCGA-BH-A0HU-01Z-00-DX1,S3_prop_topk,0.0051567204754639495,0.46643289406707766,0.4612761735916137,12,0.03786732256412506,0.003
TCGA-BH-A0HU-01Z-00-DX1,S3b_prop3_topk,0.0029509628825676315,0.46422713647418135,0.4612761735916137,10,0.0345832034945488,0.004
TCGA-BH-A1EV-01Z-00-DX1,S1_threshold,0.045695822441452705,0.4021672000449161,0.4478630224863688,11,0.04509245976805687,0.004
TCGA-BH-A1EV-01Z-00-DX1,S2_topk,0.01218975388778204,0.4600527763741508,0.4478630224863688,10,0.038805119693279266,0.004
TCGA-BH-A1EV-01Z-00-DX1,S3_prop_topk,0.0075297123404236554,0.45539273482679243,0.4478630224863688,8,0.03587482124567032,0.004
TCGA-BH-A1EV-01Z-00-DX1,S3b_prop3_topk,0.0015221888998532274,0.449385211386222,0.4478630224863688,3,0.034736841917037964,0.004
TCGA-BH-A1EX-01Z-00-DX1,S1_threshold,0.1162441887398937,0.209936766034327,0.3261809547742207,22,0.059074439108371735,0.005
TCGA-BH-A1EX-01Z-00-DX1,S2_topk,0.01451461884818217,0.3406955736224029,0.3261809547742207,8,0.0372425802052021,0.004
TCGA-BH-A1EX-01Z-00-DX1,S3_prop_topk,0.0117594246295733,0.337940379403794,0.3261809547742207,7,0.033252306282520294,0.004
TCGA-BH-A1EX-01Z-00-DX1,S3b_prop3_topk,0.007558882624153274,0.333739837398374,0.3261809547742207,6,0.03203687444329262,0.005
TCGA-BH-A1FN-01Z-00-DX1,S1_threshold,0.03506063143184601,0.46476672371456207,0.4998273551464081,7,0.06464684754610062,0.003
TCGA-BH-A1FN-01Z-00-DX1,S2_topk,0.021565605639364716,0.5213929607857728,0.4998273551464081,7,0.05729975551366806,0.003
TCGA-BH-A1FN-01Z-00-DX1,S3_prop_topk,0.012859600728284959,0.512686955874693,0.4998273551464081,6,0.05040711909532547,0.004
TCGA-BH-A1FN-01Z-00-DX1,S3b_prop3_topk,0.004302416413975885,0.504129771560384,0.4998273551464081,2,0.046354856342077255,0.002
TCGA-BH-A2L8-01Z-00-DX1,S1_threshold,0.04957740605049832,0.5721243113262107,0.621701717376709,11,0.02454364113509655,0.004
TCGA-BH-A2L8-01Z-00-DX1,S2_topk,0.0026410532060091585,0.6190606641706998,0.621701717376709,23,0.024957815185189247,0.006
TCGA-BH-A2L8-01Z-00-DX1,S3_prop_topk,0.0009973676978364265,0.6207043496788726,0.621701717376709,18,0.0220892783254385,0.004
TCGA-BH-A2L8-01Z-00-DX1,S3b_prop3_topk,8.420908218487178e-05,0.6216175082945241,0.621701717376709,11,0.01905200257897377,0.004
TCGA-C8-A135-01Z-00-DX1,S1_threshold,0.01733487352004759,0.6860383699761938,0.6687034964561462,11,0.0768304318189621,0.003
TCGA-C8-A135-01Z-00-DX1,S2_topk,0.027277458592166348,0.6959809550483126,0.6687034964561462,10,0.07463426887989044,0.003
TCGA-C8-A135-01Z-00-DX1,S3_prop_topk,0.018315128386312773,0.687018624842459,0.6687034964561462,11,0.06783322989940643,0.002
TCGA-C8-A135-01Z-00-DX1,S3b_prop3_topk,0.01131330791298979,0.680016804369136,0.6687034964561462,7,0.0609259307384491,0.003
TCGA-C8-A3M7-01Z-00-DX1,S1_threshold,0.318721003889201,0.004351846814992112,0.3230728507041931,9,0.0043960874900221825,0.004
TCGA-C8-A3M7-01Z-00-DX1,S2_topk,0.023121808980861802,0.2999510417233313,0.3230728507041931,93,0.1253983974456787,0.004
TCGA-C8-A3M7-01Z-00-DX1,S3_prop_topk,0.009359093428449206,0.3137137572757439,0.3230728507041931,64,0.1003132238984108,0.004
TCGA-C8-A3M7-01Z-00-DX1,S3b_prop3_topk,0.004566816379525551,0.32763966708371867,0.3230728507041931,33,0.07294757664203644,0.005
TCGA-D8-A1Y1-01Z-00-DX2,S1_threshold,0.02101924123036847,0.45955785014561823,0.4805770913759867,11,0.05482301488518715,0.004
TCGA-D8-A1Y1-01Z-00-DX2,S2_topk,0.009362013733888841,0.48993910510987554,0.4805770913759867,8,0.05183694139122963,0.002
TCGA-D8-A1Y1-01Z-00-DX2,S3_prop_topk,0.005125847464362787,0.4857029388403495,0.4805770913759867,7,0.04653581604361534,0.003
TCGA-D8-A1Y1-01Z-00-DX2,S3b_prop3_topk,0.0018163425662955368,0.48239343394228223,0.4805770913759867,5,0.04163730889558792,0.003
TCGA-D8-A27T-01Z-00-DX2,S1_threshold,0.12362067077560783,0.00644457664088836,0.1300652474164962,7,0.006235306151211262,0.003
TCGA-D8-A27T-01Z-00-DX2,S2_topk,0.002165187928096418,0.12790005948839978,0.1300652474164962,3,0.014719410799443722,0.002
TCGA-D8-A27T-01Z-00-DX2,S3_prop_topk,0.0011737145987290032,0.1288915328177672,0.1300652474164962,3,0.013799447566270828,0.003
TCGA-D8-A27T-01Z-00-DX2,S3b_prop3_topk,0.0005788306011085265,0.12948641681538767,0.1300652474164962,1,0.012777267023921013,0.002
TCGA-E2-A1B4-01Z-00-DX1,S1_threshold,0.14994787369194254,0.0020795047876970693,0.1520273784796396,4,0.0019130910513922572,0.004
TCGA-E2-A1B4-01Z-00-DX1,S2_topk,0.043216081448978996,0.1088112970306606,0.1520273784796396,88,0.0625605583190918,0.005
TCGA-E2-A1B4-01Z-00-DX1,S3_prop_topk,0.020389889360769298,0.1316374891188703,0.1520273784796396,74,0.062138188630342484,0.004
TCGA-E2-A1B4-01Z-00-DX1,S3b_prop3_topk,0.00597843757626404,0.14604894090337556,0.1520273784796396,50,0.05311933159828186,0.004
TCGA-E2-A1BD-01Z-00-DX1,S1_threshold,0.07213554480945605,0.41323739588980335,0.4853729406992594,1,0.03240319341421127,0.004
TCGA-E2-A1BD-01Z-00-DX1,S2_topk,0.006244262960360403,0.479128677738899,0.4853729406992594,10,0.021079769358038902,0.004
TCGA-E2-A1BD-01Z-00-DX1,S3_prop_topk,0.0018580818948633615,0.48351485880439604,0.4853729406992594,12,0.02006874978542328,0.004
TCGA-E2-A1BD-01Z-00-DX1,S3b_prop3_topk,0.0002810280286172362,0.48509191267064217,0.4853729406992594,8,0.01751592382788658,0.004
TCGA-E2-A570-01Z-00-DX1,S1_threshold,0.19876644659394002,0.18436187855050987,0.3831283251444499,34,0.032940588891506195,0.004
TCGA-E2-A570-01Z-00-DX1,S2_topk,0.012005217279519198,0.3711231078649307,0.3831283251444499,80,0.07409849762916565,0.006
TCGA-E2-A570-01Z-00-DX1,S3_prop_topk,0.004101473586636095,0.3790268515578138,0.3831283251444499,59,0.06294005364179611,0.005
TCGA-E2-A570-01Z-00-DX1,S3b_prop3_topk,0.0013323502022209999,0.3844606753466709,0.3831283251444499,39,0.053617581725120544,0.004
TCGA-EW-A423-01Z-00-DX1,S1_threshold,0.16594177270977006,0.285585127422727,0.4515269001324971,7,0.02915971726179123,0.004
TCGA-EW-A423-01Z-00-DX1,S2_topk,0.006931771014567489,0.4445951291179296,0.4515269001324971,17,0.04532121866941452,0.003
TCGA-EW-A423-01Z-00-DX1,S3_prop_topk,0.00037698771796351727,0.45114991241453356,0.4515269001324971,14,0.03784436732530594,0.004
TCGA-EW-A423-01Z-00-DX1,S3b_prop3_topk,0.0018832823843136781,0.45341018251681076,0.4515269001324971,8,0.032207973301410675,0.004
TCGA-LD-A7W6-01Z-00-DX1,S1_threshold,0.07244799682861619,0.3354125703437521,0.4078605671723683,9,0.034272316843271255,0.003
TCGA-LD-A7W6-01Z-00-DX1,S2_topk,0.0005061017543386281,0.4083666689267069,0.4078605671723683,12,0.03237596154212952,0.004
TCGA-LD-A7W6-01Z-00-DX1,S3_prop_topk,0.0022011319258756767,0.41006169909824397,0.4078605671723683,10,0.02889356203377247,0.002
TCGA-LD-A7W6-01Z-00-DX1,S3b_prop3_topk,0.0017943246847067496,0.40965489185707504,0.4078605671723683,6,0.02541116438806057,0.003
TCGA-LL-A8F5-01Z-00-DX1,S1_threshold,0.10655378369118673,0.8589928057553957,0.752439022064209,9,0.05053394287824631,0.005
TCGA-LL-A8F5-01Z-00-DX1,S2_topk,0.026129701903984892,0.7785687239681939,0.752439022064209,17,0.07143402099609375,0.004
TCGA-LL-A8F5-01Z-00-DX1,S3_prop_topk,0.014694639427650147,0.7671336614918591,0.752439022064209,10,0.06397788226604462,0.003
TCGA-LL-A8F5-01Z-00-DX1,S3b_prop3_topk,0.004054730302318843,0.7564937523665278,0.752439022064209,6,0.05545385181903839,0.004
TCGA-OL-A5RX-01Z-00-DX1,S1_threshold,0.15894031246408474,0.3063170441001192,0.4652573565642039,2,0.11853720247745514,0.001
TCGA-OL-A5RX-01Z-00-DX1,S2_topk,0.0746711297290023,0.5399284862932062,0.4652573565642039,2,0.12484236806631088,0.001
TCGA-OL-A5RX-01Z-00-DX1,S3_prop_topk,0.006733108274890265,0.4719904648390942,0.4652573565642039,3,0.13556115329265594,0.001
TCGA-OL-A5RX-01Z-00-DX1,S3b_prop3_topk,0.0079250033881203,0.4731823599523242,0.4652573565642039,2,0.11286254972219467,0.0
TCGA-OL-A66I-01Z-00-DX1,S1_threshold,0.3389522919500916,0.023939064200217627,0.3628913561503092,22,0.0,0.002
TCGA-OL-A66I-01Z-00-DX1,S2_topk,0.14961605691200672,0.2132752992383025,0.3628913561503092,196,0.0,0.002
TCGA-OL-A66I-01Z-00-DX1,S3_prop_topk,0.08759211784780646,0.27529923830250275,0.3628913561503092,253,0.0,0.002
TCGA-OL-A66I-01Z-00-DX1,S3b_prop3_topk,0.05494793939296427,0.30794341675734493,0.3628913561503092,283,0.0,0.002
TCGA-OL-A66J-01Z-00-DX1,S1_threshold,0.10264733210573299,0.03943566207717151,0.1420829941829045,174,0.0,0.009
TCGA-OL-A66J-01Z-00-DX1,S2_topk,0.03352160260264499,0.1085613915802595,0.1420829941829045,479,0.0,0.008
TCGA-OL-A66J-01Z-00-DX1,S3_prop_topk,0.023549366215314255,0.11853362796759023,0.1420829941829045,523,0.0,0.008
TCGA-OL-A66J-01Z-00-DX1,S3b_prop3_topk,0.01584354718874051,0.12623944699416398,0.1420829941829045,557,0.0,0.008
TCGA-OL-A66P-01Z-00-DX1,S1_threshold,0.23197225026922297,0.045940843297671494,0.2779130935668945,73,0.0,0.003
TCGA-OL-A66P-01Z-00-DX1,S2_topk,0.09540837361724061,0.18250471994965387,0.2779130935668945,290,0.0,0.002
TCGA-OL-A66P-01Z-00-DX1,S3_prop_topk,0.056390123145245635,0.22152297042164884,0.2779130935668945,352,0.0,0.003
TCGA-OL-A66P-01Z-00-DX1,S3b_prop3_topk,0.032475711565635834,0.24543738200125864,0.2779130935668945,390,0.0,0.003
TCGA-OL-A6VO-01Z-00-DX1,S1_threshold,0.2762879190737741,0.10526315789473684,0.3815510769685109,61,0.0,0.006
TCGA-OL-A6VO-01Z-00-DX1,S2_topk,0.12615849715832972,0.2553925798101812,0.3815510769685109,148,0.0,0.006
TCGA-OL-A6VO-01Z-00-DX1,S3_prop_topk,0.0761153565198483,0.30543572044866263,0.3815510769685109,177,0.0,0.007
TCGA-OL-A6VO-01Z-00-DX1,S3b_prop3_topk,0.05195659897023658,0.32959447799827435,0.3815510769685109,191,0.0,0.006
TCGA-OL-A6VO-01Z-00-DX1,S4_graphcut,0.008815960488787022,0.3727351164797239,0.3815510769685109,216,0.0,0.20645356178283691
TCGA-S3-AA15-01Z-00-DX1,S1_threshold,0.2504075667387143,0.09979529170931423,0.3502028584480285,17,0.03400339558720589,0.004
TCGA-S3-AA15-01Z-00-DX1,S2_topk,0.004518226505912104,0.3547210849539406,0.3502028584480285,44,0.09515728801488876,0.003
TCGA-S3-AA15-01Z-00-DX1,S3_prop_topk,0.005285882595983782,0.3554887410440123,0.3502028584480285,36,0.0772092416882515,0.002
TCGA-S3-AA15-01Z-00-DX1,S3b_prop3_topk,0.0032387996891260484,0.35344165813715456,0.3502028584480285,24,0.061349693685770035,0.003
TCGA-WT-AB44-01Z-00-DX1,S1_threshold,0.1285675288859537,0.07517003798251037,0.2037375668684641,10,0.016496043652296066,0.003
TCGA-WT-AB44-01Z-00-DX1,S2_topk,0.03877864097852504,0.16495892588993905,0.2037375668684641,62,0.04224596545100212,0.004
TCGA-WT-AB44-01Z-00-DX1,S3_prop_topk,0.02283481976131807,0.18090274710714602,0.2037375668684641,61,0.043609458953142166,0.004
TCGA-WT-AB44-01Z-00-DX1,S3b_prop3_topk,0.008127638416913857,0.19560992845155023,0.2037375668684641,36,0.03815548121929169,0.004
