slide_id,n_patches_ref,area_frac_hard,area_frac_soft,source
TCGA-AC-A6IV-01Z-00-DX1,2167,0.5824,0.5748,wsinfer_breast_tumor_resnet34
TCGA-AC-A6IX-01Z-00-DX1,5628,0.4044,0.4382,wsinfer_breast_tumor_resnet34
TCGA-AN-A0XP-01Z-00-DX1,11457,0.2,0.2369,wsinfer_breast_tumor_resnet34
TCGA-AO-A12H-01Z-00-DX1,53846,0.484,0.5012,wsinfer_breast_tumor_resnet34
TCGA-AR-A1AL-01Z-00-DX1,15992,0.3539,0.3601,wsinfer_breast_tumor_resnet34
TCGA-B6-A0RM-01Z-00-DX1,32443,0.0379,0.0962,wsinfer_breast_tumor_resnet34
TCGA-BH-A0H0-01Z-00-DX1,25864,0.104,0.1426,wsinfer_breast_tumor_resnet34
TCGA-BH-A18G-01Z-00-DX1,6499,0.9323,0.8959,wsinfer_breast_tumor_resnet34
TCGA-BH-A1ES-01Z-00-DX1,22338,0.5414,0.537,wsinfer_breast_tumor_resnet34
TCGA-C8-A12Q-01Z-00-DX1,21385,0.5718,0.5746,wsinfer_breast_tumor_resnet34
TCGA-C8-A12T-01Z-00-DX1,26872,0.5387,0.5377,wsinfer_breast_tumor_resnet34
TCGA-C8-A12W-01Z-00-DX1,21050,0.3371,0.3476,wsinfer_breast_tumor_resnet34
TCGA-C8-A131-01Z-00-DX1,18067,0.9309,0.9087,wsinfer_breast_tumor_resnet34
TCGA-C8-A1HI-01Z-00-DX1,20131,0.3586,0.3696,wsinfer_breast_tumor_resnet34
TCGA-D8-A1XU-01Z-00-DX1,17691,0.5378,0.5324,wsinfer_breast_tumor_resnet34
TCGA-D8-A27E-01Z-00-DX1,10452,0.1256,0.1494,wsinfer_breast_tumor_resnet34
TCGA-D8-A27I-01Z-00-DX1,9907,0.1634,0.2064,wsinfer_breast_tumor_resnet34
TCGA-E2-A14S-01Z-00-DX1,11069,0.3065,0.3167,wsinfer_breast_tumor_resnet34
TCGA-E2-A15I-01Z-00-DX1,9304,0.0086,0.0279,wsinfer_breast_tumor_resnet34
TCGA-E2-A1LB-01Z-00-DX1,18259,0.5687,0.5623,wsinfer_breast_tumor_resnet34
TCGA-E9-A1N6-01Z-00-DX1,24779,0.1681,0.2851,wsinfer_breast_tumor_resnet34
TCGA-E9-A1R4-01Z-00-DX1,15760,0.068,0.1375,wsinfer_breast_tumor_resnet34
TCGA-E9-A5UO-01Z-00-DX1,19244,0.1182,0.1563,wsinfer_breast_tumor_resnet34
TCGA-GI-A2C8-01Z-00-DX1,7417,0.6457,0.6278,wsinfer_breast_tumor_resnet34
TCGA-Z7-A8R5-01Z-00-DX1,23066,0.0999,0.1217,wsinfer_breast_tumor_resnet34
TCGA-A2-A0CU-01Z-00-DX1,51045,0.4273,0.4426,wsinfer_breast_tumor_resnet34
TCGA-A2-A0EN-01Z-00-DX1,20793,0.0868,0.1532,wsinfer_breast_tumor_resnet34
TCGA-A2-A0YK-01Z-00-DX1,24505,0.0697,0.0939,wsinfer_breast_tumor_resnet34
TCGA-A2-A1FZ-01Z-00-DX1,21288,0.6184,0.634,wsinfer_breast_tumor_resnet34
TCGA-A2-A25E-01Z-00-DX1,26676,0.6608,0.6613,wsinfer_breast_tumor_resnet34
TCGA-A2-A4RY-01Z-00-DX1,29278,0.2452,0.2582,wsinfer_breast_tumor_resnet34
TCGA-A2-A4S0-01Z-00-DX1,27585,0.7782,0.7614,wsinfer_breast_tumor_resnet34
TCGA-A7-A13E-01Z-00-DX1,6982,0.6154,0.618,wsinfer_breast_tumor_resnet34
TCGA-A7-A3J0-01Z-00-DX1,3321,0.3936,0.4154,wsinfer_breast_tumor_resnet34
TCGA-A7-A5ZV-01Z-00-DX1,11187,0.6887,0.6705,wsinfer_breast_tumor_resnet34
TCGA-A7-A6VW-01Z-00-DX1,9803,0.551,0.5594,wsinfer_breast_tumor_resnet34
TCGA-A8-A07P-01Z-00-DX1,2887,0.7205,0.6897,wsinfer_breast_tumor_resnet34
TCGA-A8-A08C-01Z-00-DX1,4891,0.7825,0.749,wsinfer_breast_tumor_resnet34
TCGA-A8-A08H-01Z-00-DX1,4873,0.5405,0.5374,wsinfer_breast_tumor_resnet34
TCGA-A8-A097-01Z-00-DX1,5279,0.4976,0.5043,wsinfer_breast_tumor_resnet34
TCGA-A8-A09Z-01Z-00-DX1,11758,0.8306,0.7979,wsinfer_breast_tumor_resnet34
TCGA-AC-A8OR-01Z-00-DX1,2588,0.6488,0.6198,wsinfer_breast_tumor_resnet34
TCGA-AN-A0AJ-01Z-00-DX1,28961,0.8577,0.8191,wsinfer_breast_tumor_resnet34
TCGA-AN-A0XL-01Z-00-DX1,13180,0.1411,0.177,wsinfer_breast_tumor_resnet34
TCGA-AQ-A04J-01Z-00-DX1,21285,0.452,0.459,wsinfer_breast_tumor_resnet34
TCGA-AQ-A54O-01Z-00-DX1,38164,0.5938,0.6029,wsinfer_breast_tumor_resnet34
TCGA-AR-A1AN-01Z-00-DX1,5714,0.3588,0.3788,wsinfer_breast_tumor_resnet34
TCGA-AR-A1AO-01Z-00-DX1,2848,0.0534,0.0991,wsinfer_breast_tumor_resnet34
TCGA-B6-A0I1-01Z-00-DX1,34028,0.6048,0.6084,wsinfer_breast_tumor_resnet34
TCGA-BH-A0AY-01Z-00-DX1,26517,0.612,0.6181,wsinfer_breast_tumor_resnet34
TCGA-BH-A0DL-01Z-00-DX1,34442,0.3389,0.3601,wsinfer_breast_tumor_resnet34
TCGA-BH-A0E1-01Z-00-DX1,37664,0.7108,0.7018,wsinfer_breast_tumor_resnet34
TCGA-BH-A0GY-01Z-00-DX1,26893,0.4501,0.4533,wsinfer_breast_tumor_resnet34
TCGA-BH-A0HU-01Z-00-DX1,19620,0.6224,0.6269,wsinfer_breast_tumor_resnet34
TCGA-BH-A1EV-01Z-00-DX1,36686,0.4118,0.416,wsinfer_breast_tumor_resnet34
TCGA-BH-A1EX-01Z-00-DX1,32995,0.2414,0.29,wsinfer_breast_tumor_resnet34
TCGA-BH-A1FN-01Z-00-DX1,27195,0.4487,0.4629,wsinfer_breast_tumor_resnet34
TCGA-BH-A2L8-01Z-00-DX1,49598,0.7684,0.7601,wsinfer_breast_tumor_resnet34
TCGA-C8-A135-01Z-00-DX1,28470,0.7014,0.6905,wsinfer_breast_tumor_resnet34
TCGA-C8-A3M7-01Z-00-DX1,36271,0.3838,0.3966,wsinfer_breast_tumor_resnet34
TCGA-D8-A1Y1-01Z-00-DX2,24418,0.7236,0.7171,wsinfer_breast_tumor_resnet34
TCGA-D8-A27T-01Z-00-DX2,4030,0.2427,0.266,wsinfer_breast_tumor_resnet34
TCGA-E2-A1B4-01Z-00-DX1,19529,0.0319,0.0616,wsinfer_breast_tumor_resnet34
TCGA-E2-A1BD-01Z-00-DX1,26099,0.5862,0.5911,wsinfer_breast_tumor_resnet34
TCGA-E2-A570-01Z-00-DX1,39006,0.2034,0.2208,wsinfer_breast_tumor_resnet34
TCGA-EW-A423-01Z-00-DX1,27977,0.5185,0.525,wsinfer_breast_tumor_resnet34
TCGA-LD-A7W6-01Z-00-DX1,13093,0.5214,0.5274,wsinfer_breast_tumor_resnet34
TCGA-LL-A8F5-01Z-00-DX1,56512,0.5319,0.5448,wsinfer_breast_tumor_resnet34
TCGA-OL-A5RX-01Z-00-DX1,1531,0.8341,0.8253,wsinfer_breast_tumor_resnet34
TCGA-OL-A66I-01Z-00-DX1,9805,0.1146,0.1863,wsinfer_breast_tumor_resnet34
TCGA-OL-A66J-01Z-00-DX1,48860,0.019,0.1214,wsinfer_breast_tumor_resnet34
TCGA-OL-A66P-01Z-00-DX1,15209,0.073,0.1191,wsinfer_breast_tumor_resnet34
TCGA-OL-A6VO-01Z-00-DX1,5152,0.1731,0.2207,wsinfer_breast_tumor_resnet34
TCGA-S3-AA15-01Z-00-DX1,22739,0.1403,0.176,wsinfer_breast_tumor_resnet34
TCGA-WT-AB44-01Z-00-DX1,11960,0.1504,0.1918,wsinfer_breast_tumor_resnet34
